{"stats":{"minecraft:broken":{"minecraft:diamond_helmet":1,"minecraft:chainmail_boots":1,"minecraft:iron_axe":1,"minecraft:iron_pickaxe":2,"minecraft:iron_helmet":2,"minecraft:golden_helmet":1,"minecraft:stone_axe":1},"minecraft:picked_up":{"minecraft:iron_chestplate":7,"waystones:warp_stone":1,"minecraft:chainmail_boots":6,"minecraft:flower_pot":5,"minecraft:anvil":1,"croptopia:grape_seed":4,"minecraft:smithing_table":1,"minecraft:lead":2,"minecraft:oak_stairs":11,"minecraft:enchanted_book":4,"croptopia:cabbage_seed":6,"minecraft:brewing_stand":1,"minecraft:golden_sword":4,"minecraft:amethyst_block":99,"minecraft:string":148,"minecraft:red_nether_bricks":2,"waystones:warp_plate":1,"croptopia:hamburger":1,"minecraft:gold_nugget":27,"minecraft:cobbled_deepslate":2,"minecraft:black_glazed_terracotta":16,"minecraft:coal_block":55,"minecraft:golden_helmet":2,"croptopia:barley_seed":3,"croptopia:cucumber":2,"minecraft:composter":3,"tombstone:bone_needle":2,"croptopia:coffee_seed":17,"minecraft:golden_chestplate":3,"minecraft:brown_carpet":4,"minecraft:stone_sword":5,"minecraft:tropical_fish":3,"minecraft:iron_block":1,"minecraft:carved_pumpkin":1,"minecraft:bookshelf":12,"minecraft:white_terracotta":1,"minecraft:blaze_rod":11,"minecraft:iron_bars":30,"alexsmobs:flying_fish":1,"croptopia:lettuce_seed":31,"minecraft:magma_block":6,"minecraft:feather":5,"minecraft:cooked_beef":7,"alexsmobs:bison_fur":6,"minecraft:flint":1,"minecraft:lantern":6,"croptopia:eggplant":6,"minecraft:chipped_anvil":3,"croptopia:bellpepper":6,"minecraft:diamond_helmet":1,"minecraft:glowstone_dust":3,"croptopia:plum":2,"immersive_armors:steampunk_boots":1,"croptopia:oat":2,"croptopia:eggplant_seed":15,"croptopia:coffee_beans":8,"minecraft:barrel":5,"croptopia:chile_pepper":1,"minecraft:bundle":9,"weaponmaster:workstation":1,"minecraft:granite":73,"minecraft:chainmail_helmet":7,"minecraft:bread":31,"immersive_armors:divine_helmet":1,"minecraft:diamond_pickaxe":3,"minecraft:crimson_roots":1,"mca:scythe":1,"croptopia:greenonion":14,"minecraft:crafting_table":4,"minecraft:nether_wart":28,"minecraft:clay_ball":4,"minecraft:leather_leggings":11,"minecraft:golden_pickaxe":1,"croptopia:onion":12,"minecraft:jungle_trapdoor":11,"minecraft:cornflower":2,"weaponmaster:wm_rapier":2,"croptopia:saguaro_seed":28,"minecraft:flint_and_steel":2,"minecraft:white_carpet":10,"croptopia:soybean":3,"immersive_armors:slime_boots":3,"minecraft:cracked_stone_bricks":9,"croptopia:cheese":1,"minecraft:beef":45,"croptopia:pepper_seed":46,"minecraft:poppy":5,"minecraft:iron_nugget":47,"minecraft:chest":17,"minecraft:birch_sapling":2,"minecraft:egg":3,"minecraft:stone":20,"croptopia:corn_seed":23,"immersive_armors:slime_chestplate":2,"minecraft:fire_charge":6,"minecraft:carrot":206,"minecraft:redstone":34,"minecraft:blue_carpet":7,"minecraft:jungle_sign":3,"minecraft:diamond_chestplate":1,"croptopia:strawberry_seed":27,"croptopia:cheeseburger":2,"minecraft:shears":1,"minecraft:diamond_boots":3,"minecraft:hay_block":33,"tombstone:essence_of_undeath":2,"minecraft:gold_ingot":175,"croptopia:pepper":16,"minecraft:mutton":16,"minecraft:white_wool":14,"minecraft:clock":1,"minecraft:tripwire_hook":1,"minecraft:oak_log":34,"minecraft:golden_boots":1,"expandedstorage:storage_mutator":1,"tombstone:gift":1,"minecraft:apple":28,"croptopia:barley":2,"minecraft:stone_bricks":423,"minecraft:kelp":2,"minecraft:oak_fence_gate":2,"expandedstorage:iron_chest":3,"tombstone:bag_of_seeds":6,"minecraft:glass_bottle":3,"minecraft:iron_sword":2,"elevatorid:elevator_white":1,"immersive_armors:slime_leggings":2,"minecraft:gravel":17,"tombstone:decorative_grave_simple":3,"minecraft:crying_obsidian":3,"more_slabs_stairs_and_walls:dirt_slab":5,"minecraft:leather_helmet":4,"minecraft:diamond_shovel":2,"croptopia:saguaro":14,"minecraft:slime_ball":11,"croptopia:orange":20,"croptopia:cooking_pot":1,"mca:book_infection":1,"minecraft:melon_seeds":3,"minecraft:ender_pearl":9,"minecraft:wheat":22,"minecraft:nether_brick_fence":2,"croptopia:kale":2,"croptopia:broccoli":4,"minecraft:potion":9,"minecraft:nether_brick":19,"minecraft:stone_brick_stairs":20,"croptopia:lettuce":25,"minecraft:raw_copper":184,"minecraft:iron_leggings":6,"minecraft:armor_stand":2,"minecraft:experience_bottle":1,"minecraft:oak_sign":2,"alexsmobs:dropbear_claw":2,"immersive_armors:divine_chestplate":1,"alexsmobs:blood_sac":2,"minecraft:bucket":1,"minecraft:rose_bush":4,"minecraft:calcite":3,"croptopia:doughnut":3,"minecraft:iron_pickaxe":1,"minecraft:iron_boots":12,"minecraft:furnace":13,"minecraft:tipped_arrow":14,"minecraft:stick":14,"minecraft:oak_fence":25,"minecraft:torch":290,"minecraft:porkchop":16,"tombstone:grave_dust":65,"minecraft:diorite":49,"minecraft:quartz_block":19,"minecraft:cactus":1,"minecraft:rotten_flesh":208,"minecraft:obsidian":24,"croptopia:garlic_seed":7,"minecraft:blaze_powder":2,"croptopia:cabbage":4,"minecraft:cobblestone":680,"minecraft:enchanting_table":1,"minecraft:leather_chestplate":4,"minecraft:magma_cream":3,"croptopia:broccoli_seed":5,"minecraft:andesite":38,"minecraft:potato":10,"minecraft:wither_skeleton_skull":1,"minecraft:lapis_lazuli":117,"minecraft:dirt":999,"minecraft:leather_boots":1,"minecraft:bone":230,"croptopia:corn":10,"minecraft:orange_tulip":5,"minecraft:bow":22,"minecraft:wheat_seeds":112,"minecraft:raw_gold":3,"minecraft:mossy_stone_bricks":4,"minecraft:bamboo":4,"croptopia:kale_seed":4,"minecraft:oak_planks":103,"minecraft:mossy_stone_brick_stairs":1,"minecraft:ghast_tear":4,"croptopia:chile_pepper_seed":2,"minecraft:cooked_porkchop":1,"minecraft:axolotl_bucket":3,"minecraft:sand":41,"minecraft:nether_brick_stairs":5,"minecraft:grass_block":1,"minecraft:spectral_arrow":30,"minecraft:mossy_cobblestone":10,"weaponmaster:taglockkit":2,"croptopia:hops_seed":9,"minecraft:sugar":19,"minecraft:diamond":7,"minecraft:soul_lantern":3,"croptopia:pineapple_seed":6,"minecraft:cracked_polished_blackstone_bricks":4,"minecraft:bone_meal":120,"croptopia:onion_seed":15,"minecraft:golden_apple":1,"minecraft:emerald":34,"minecraft:oak_sapling":3,"minecraft:netherrack":25,"minecraft:charcoal":10,"minecraft:azure_bluet":2,"minecraft:splash_potion":2,"minecraft:chicken":3,"minecraft:stone_brick_wall":20,"minecraft:gold_block":12,"minecraft:brick":28,"minecraft:shield":4,"minecraft:oak_trapdoor":2,"minecraft:iron_axe":2,"croptopia:grilled_cheese":2,"minecraft:item_frame":9,"croptopia:bellpepper_seed":10,"tombstone:impregnated_diamond":3,"minecraft:blackstone":60,"croptopia:pear":1,"croptopia:ham_sandwich":4,"minecraft:lectern":4,"tombstone:tablet_of_assistance":1,"minecraft:sugar_cane":2,"minecraft:phantom_membrane":4,"tombstone:ankh_of_pray":1,"minecraft:raw_iron":48,"croptopia:greenbean_seed":2,"croptopia:soybean_seed":6,"minecraft:copper_ingot":4,"croptopia:cheese_pizza":1,"minecraft:polished_blackstone_bricks":32,"immersive_armors:divine_leggings":2,"expandedstorage:gold_chest":6,"croptopia:strawberry":16,"minecraft:stone_pressure_plate":5,"croptopia:grape":2,"weaponmaster:wm_broadswordlarge":2,"minecraft:arrow":180,"minecraft:jungle_stairs":2,"minecraft:nether_bricks":3,"minecraft:saddle":3,"croptopia:salt":209,"minecraft:skeleton_skull":2,"more_slabs_stairs_and_walls:oak_leaves_slab":4,"minecraft:basalt":212,"minecraft:golden_carrot":5,"minecraft:glow_ink_sac":3,"expandedstorage:obsidian_chest":2,"minecraft:leather":23,"croptopia:greenonion_seed":21,"minecraft:chainmail_chestplate":7,"minecraft:yellow_bed":3,"minecraft:gunpowder":49,"minecraft:cooked_mutton":2,"croptopia:garlic":4,"minecraft:iron_ingot":77,"minecraft:cooked_chicken":2,"mca:villager_editor":3,"minecraft:soul_sand":16,"minecraft:book":83,"minecraft:oak_slab":34,"minecraft:scaffolding":7,"minecraft:pumpkin":5,"minecraft:chiseled_stone_bricks":1,"minecraft:quartz":10,"minecraft:dandelion":4,"croptopia:cucumber_seed":3,"croptopia:hops":8,"minecraft:amethyst_shard":56,"waystones:attuned_shard":1,"minecraft:dark_oak_fence_gate":1,"minecraft:spider_eye":22,"immersive_armors:slime_helmet":2,"alexsmobs:raw_catfish":6,"minecraft:pumpkin_seeds":14,"croptopia:oat_seed":4,"xpbook:xp_tome":3,"minecraft:chainmail_leggings":4,"minecraft:iron_helmet":12,"croptopia:frying_pan":1,"minecraft:mossy_cobblestone_stairs":1,"tombstone:magic_scroll":7,"minecraft:coal":72},"minecraft:crafted":{"immersive_armors:divine_leggings":1,"minecraft:glass":8,"minecraft:emerald":5,"minecraft:copper_ingot":12,"immersive_armors:robe_chestplate":1,"tombstone:white_marble":3,"minecraft:stone_brick_stairs":8,"minecraft:stone_slab":6,"minecraft:iron_pickaxe":1,"minecraft:iron_block":5,"minecraft:gold_ingot":114,"minecraft:light_gray_dye":1,"croptopia:knife":1,"minecraft:composter":1,"expandedstorage:wood_to_copper_conversion_kit":1,"tombstone:book_of_disenchantment":1,"minecraft:golden_carrot":83,"minecraft:iron_nugget":9,"tombstone:strange_tablet":4,"minecraft:bone_meal":486,"minecraft:white_carpet":9,"more_slabs_stairs_and_walls:oak_planks_wall":1,"mca:whistle":2,"croptopia:frying_pan":1,"minecraft:wheat":72,"expandedstorage:wood_chest":2,"mca:engagement_ring":1,"expandedstorage:wood_to_iron_conversion_kit":1,"minecraft:oak_fence_gate":6,"minecraft:red_stained_glass":8,"minecraft:golden_apple":4,"minecraft:iron_leggings":1,"minecraft:white_bed":3,"minecraft:blue_carpet":9,"tombstone:bone_needle":5,"immersive_armors:robe_boots":1,"minecraft:grindstone":1,"minecraft:oak_planks":40,"minecraft:stone":74,"immersive_armors:robe_helmet":1,"expandedstorage:iron_chest":7,"minecraft:bow":6,"expandedstorage:storage_mutator":1,"minecraft:dead_bush":1,"minecraft:chest":2,"minecraft:oak_button":1,"minecraft:oak_fence":83,"mca:matchmakers_ring":1,"minecraft:oak_slab":102,"expandedstorage:obsidian_chest":1,"minecraft:crafting_table":2,"tombstone:impregnated_diamond":1,"tombstone:decorative_grave_simple":1,"minecraft:chainmail_chestplate":1,"immersive_armors:steampunk_boots":1,"minecraft:gold_block":2,"minecraft:pumpkin_seeds":20,"minecraft:iron_chestplate":5,"minecraft:stick":104,"minecraft:iron_ingot":45,"expandedstorage:gold_chest":7,"xpbook:xp_tome":3,"tombstone:voodoo_poppet":1,"minecraft:shears":1,"minecraft:oak_door":3,"minecraft:coal":72,"minecraft:stone_brick_wall":42,"minecraft:fishing_rod":1,"minecraft:piston":2,"tombstone:familiar_receptacle":1,"minecraft:flint_and_steel":3,"minecraft:iron_axe":1,"minecraft:iron_hoe":2,"minecraft:cooked_beef":23,"minecraft:red_dye":6,"elevatorid:elevator_white":2,"tombstone:ankh_of_pray":1,"minecraft:bucket":3,"minecraft:air":0,"minecraft:bread":25,"minecraft:blue_dye":11,"tombstone:book_of_scribe":1,"expandedstorage:wood_to_gold_conversion_kit":1,"minecraft:white_wool":42,"minecraft:gold_nugget":1112,"tombstone:dark_marble":12,"expandedstorage:diamond_chest":1,"minecraft:anvil":2,"minecraft:torch":168,"mca:wedding_ring":1,"immersive_armors:divine_boots":1,"immersive_armors:divine_helmet":1},"minecraft:mined":{"minecraft:blue_carpet":7,"croptopia:pepper_crop":7,"minecraft:red_nether_bricks":2,"minecraft:carved_pumpkin":1,"minecraft:obsidian":19,"minecraft:granite":79,"expandedstorage:gold_chest":6,"minecraft:stone_brick_wall":20,"minecraft:oak_pressure_plate":2,"minecraft:coal_block":49,"minecraft:nether_wart":24,"minecraft:chiseled_stone_bricks":1,"minecraft:spawner":7,"minecraft:polished_blackstone_bricks":34,"minecraft:magma_block":4,"minecraft:mossy_cobblestone_stairs":1,"expandedstorage:obsidian_chest":2,"minecraft:fire":22,"minecraft:barrel":5,"minecraft:pumpkin":5,"minecraft:nether_brick_stairs":3,"minecraft:potted_dandelion":1,"minecraft:dirt_path":4,"minecraft:oak_stairs":17,"weaponmaster:workstation":1,"minecraft:iron_block":1,"minecraft:tripwire":1,"minecraft:jungle_trapdoor":11,"minecraft:kelp_plant":1,"minecraft:crimson_nylium":1,"minecraft:amethyst_cluster":9,"minecraft:torch":13,"croptopia:oat_crop":1,"croptopia:broccoli_crop":1,"minecraft:sugar_cane":1,"minecraft:amethyst_block":101,"mca:cross_headstone":2,"minecraft:wheat":15,"minecraft:lilac":1,"croptopia:pear_crop":1,"minecraft:stone_brick_stairs":14,"minecraft:grass":173,"minecraft:oak_fence_gate":2,"minecraft:deepslate":2,"croptopia:cabbage_crop":1,"minecraft:mossy_cobblestone":6,"minecraft:nether_bricks":5,"minecraft:crimson_roots":1,"minecraft:redstone_wire":2,"croptopia:coffee_crop":6,"more_slabs_stairs_and_walls:dirt_slab":2,"croptopia:corn_crop":6,"minecraft:andesite":39,"minecraft:vine":71,"minecraft:smithing_table":1,"minecraft:oak_slab":31,"minecraft:soul_sand":13,"croptopia:lettuce_crop":9,"minecraft:dandelion":1,"minecraft:cornflower":1,"minecraft:campfire":5,"minecraft:tall_grass":26,"minecraft:copper_ore":27,"minecraft:diorite":49,"minecraft:white_carpet":10,"croptopia:saguaro_crop":11,"minecraft:gravel":24,"minecraft:cobweb":37,"minecraft:stone_bricks":264,"minecraft:chipped_anvil":3,"minecraft:gold_ore":3,"croptopia:bellpepper_crop":3,"minecraft:large_amethyst_bud":4,"croptopia:strawberry_crop":12,"minecraft:potted_cactus":1,"minecraft:brewing_stand":1,"minecraft:budding_amethyst":11,"minecraft:grass_block":231,"minecraft:cracked_polished_blackstone_bricks":5,"minecraft:composter":2,"minecraft:frosted_ice":41,"minecraft:glowstone":1,"minecraft:iron_ore":48,"minecraft:anvil":1,"minecraft:iron_bars":24,"minecraft:potted_cornflower":1,"minecraft:quartz_block":18,"croptopia:eggplant_crop":3,"minecraft:blackstone":10,"minecraft:soul_lantern":3,"minecraft:clay":1,"minecraft:jungle_stairs":2,"minecraft:calcite":3,"croptopia:garlic_crop":2,"minecraft:chest":16,"minecraft:cobblestone":48,"minecraft:oak_planks":17,"minecraft:wall_torch":18,"minecraft:warped_nylium":4,"croptopia:chile_pepper_crop":1,"minecraft:oak_log":29,"minecraft:sand":41,"minecraft:dirt":763,"minecraft:netherrack":21,"minecraft:oak_leaves":2,"croptopia:onion_crop":4,"minecraft:hay_block":35,"minecraft:furnace":11,"minecraft:carrots":25,"minecraft:black_glazed_terracotta":8,"minecraft:gold_block":3,"minecraft:nether_brick_fence":2,"minecraft:bookshelf":17,"expandedstorage:iron_chest":3,"minecraft:lantern":5,"croptopia:greenonion_crop":7,"minecraft:stone":710,"waystones:warp_plate":1,"minecraft:scaffolding":6,"minecraft:basalt":218,"minecraft:oak_fence":26,"minecraft:crafting_table":4,"minecraft:rose_bush":5,"minecraft:lectern":4,"more_slabs_stairs_and_walls:oak_leaves_slab":5,"minecraft:lapis_ore":6,"minecraft:yellow_bed":2,"minecraft:potted_azure_bluet":1,"croptopia:hops_crop":2,"elevatorid:elevator_white":1,"minecraft:coal_ore":13,"minecraft:cracked_stone_bricks":3,"minecraft:mossy_stone_bricks":2,"minecraft:jungle_wall_sign":1},"minecraft:dropped":{"minecraft:iron_sword":1,"minecraft:porkchop":3,"minecraft:glass_bottle":6,"minecraft:diamond":1,"tombstone:tablet_of_assistance":2,"minecraft:mossy_stone_brick_stairs":1,"minecraft:cracked_stone_bricks":2,"minecraft:saddle":1,"minecraft:emerald":57,"minecraft:gold_block":9,"minecraft:dirt":97,"minecraft:gold_nugget":5,"tombstone:bone_needle":3,"croptopia:barley_seed":1,"minecraft:fishing_rod":1,"minecraft:white_wool":1,"croptopia:soybean":1,"minecraft:bone":2,"immersive_armors:divine_leggings":1,"minecraft:cobbled_deepslate":2,"alexsmobs:animal_dictionary":1,"tombstone:impregnated_diamond":2,"minecraft:birch_sapling":1,"minecraft:obsidian":9,"croptopia:oat_seed":1,"minecraft:rotten_flesh":3,"minecraft:grindstone":1,"weaponmaster:taglockkit":2,"croptopia:saguaro_seed":7,"minecraft:nether_brick_fence":2,"minecraft:azure_bluet":1,"minecraft:white_bed":1,"mca:scythe":1,"weaponmaster:weaponkit":1,"minecraft:charcoal":8,"croptopia:broccoli_seed":2,"minecraft:quartz_block":8,"mca:whistle":1,"mca:book_infection":1,"croptopia:onion_seed":2,"minecraft:stone_brick_stairs":8,"croptopia:garlic":1,"minecraft:enchanted_book":1,"minecraft:iron_ingot":59,"minecraft:wheat_seeds":6,"minecraft:iron_helmet":1,"minecraft:cobblestone":110,"minecraft:book":5,"minecraft:chainmail_helmet":2,"minecraft:coal":50,"croptopia:cheeseburger":1,"tombstone:dust_of_vanishing":1,"croptopia:grape_seed":2,"minecraft:golden_carrot":6,"minecraft:lodestone":1,"minecraft:potion":3,"minecraft:pumpkin":1,"minecraft:mossy_cobblestone_stairs":1,"croptopia:hops":1,"minecraft:chainmail_leggings":1,"minecraft:string":2,"croptopia:coffee_seed":3,"waystones:attuned_shard":1,"minecraft:furnace":3,"minecraft:stone_sword":1,"weaponmaster:wm_rapier":2,"croptopia:cabbage_seed":1,"minecraft:iron_boots":1,"minecraft:pumpkin_seeds":4,"minecraft:stone":22,"minecraft:bundle":2,"minecraft:diamond_pickaxe":2,"minecraft:stone_pressure_plate":4,"minecraft:spider_eye":2,"minecraft:stone_bricks":156,"minecraft:bow":4,"minecraft:magma_block":2,"croptopia:frying_pan":1,"minecraft:nether_brick_stairs":1,"minecraft:oak_log":13,"minecraft:golden_pickaxe":1,"immersive_armors:divine_helmet":1,"minecraft:ender_pearl":1,"minecraft:leather":2,"croptopia:salt":112,"alexsmobs:bison_fur":1,"minecraft:cracked_polished_blackstone_bricks":3,"minecraft:cornflower":1,"minecraft:gilded_blackstone":12,"minecraft:amethyst_shard":4,"minecraft:gold_ingot":199,"minecraft:gravel":1,"croptopia:onion":2,"minecraft:blackstone":15,"expandedstorage:storage_mutator":1,"minecraft:diamond_shovel":1,"croptopia:hamburger":1,"minecraft:carrot":2,"croptopia:greenonion_seed":6,"mca:villager_editor":5,"minecraft:gunpowder":3,"minecraft:chest":1,"minecraft:basalt":1,"minecraft:iron_bars":2,"minecraft:arrow":1,"minecraft:water_bucket":2,"croptopia:lettuce_seed":8,"minecraft:mossy_cobblestone":6,"weaponmaster:tutorialbook":1,"minecraft:lead":2,"immersive_armors:steampunk_boots":1,"croptopia:soybean_seed":2,"tombstone:ankh_of_pray":1,"croptopia:kale_seed":2,"minecraft:blue_dye":1,"mca:book_romance":1,"minecraft:diorite":1,"tombstone:magic_scroll":2,"minecraft:torch":221,"croptopia:lettuce":2,"minecraft:map":1,"tombstone:grave_dust":2,"minecraft:iron_axe":1,"minecraft:bucket":1,"croptopia:eggplant_seed":10,"croptopia:oat":1,"minecraft:composter":1,"immersive_armors:slime_boots":1,"weaponmaster:wm_broadswordlarge":2,"croptopia:bellpepper_seed":1,"minecraft:shield":1,"minecraft:mossy_stone_bricks":4,"minecraft:golden_sword":1,"tombstone:essence_of_undeath":1,"minecraft:diamond_boots":2,"minecraft:raw_gold":1,"croptopia:pepper_seed":22},"minecraft:custom":{"minecraft:interact_with_crafting_table":132,"minecraft:open_barrel":172,"minecraft:bell_ring":2,"minecraft:leave_game":14,"minecraft:time_since_death":213879,"minecraft:damage_blocked_by_shield":546,"minecraft:play_time":1185446,"minecraft:deaths":2,"minecraft:jump":9998,"minecraft:interact_with_furnace":25,"minecraft:traded_with_villager":5,"minecraft:sleep_in_bed":22,"minecraft:waystone_activated":2,"tombstone:sneak_grave":1,"minecraft:damage_dealt":388,"tombstone:use_disenchantment":1,"tombstone:undead_killed":294,"minecraft:inspect_dispenser":1,"minecraft:horse_one_cm":493685,"minecraft:interact_with_smithing_table":4,"minecraft:interact_with_anvil":38,"expandedstorage:open_gold_chest":463,"minecraft:damage_dealt_absorbed":263,"minecraft:sneak_time":65064,"minecraft:total_world_time":1185446,"tombstone:raider_killed":9,"minecraft:interact_with_stonecutter":2,"tombstone:pray_on_grave":2,"minecraft:time_since_rest":212800,"expandedstorage:open_obsidian_chest":5,"minecraft:swim_one_cm":52914,"minecraft:fly_one_cm":2080339,"minecraft:open_chest":1047,"minecraft:fall_one_cm":210228,"minecraft:animals_bred":7,"expandedstorage:open_iron_chest":5,"minecraft:damage_resisted":10,"minecraft:sprint_one_cm":1782039,"minecraft:drop":282,"minecraft:talked_to_villager":4,"minecraft:interact_with_brewingstand":1,"minecraft:walk_on_water_one_cm":50366,"minecraft:crouch_one_cm":220898,"tombstone:villager_killed":3,"minecraft:mob_kills":569,"tombstone:use_vanishing":6,"minecraft:interact_with_campfire":5,"minecraft:climb_one_cm":23578,"minecraft:walk_one_cm":4853828,"tombstone:consume_soul":3,"minecraft:walk_under_water_one_cm":21583,"minecraft:pot_flower":1,"minecraft:interact_with_grindstone":2,"tombstone:free_soul":3,"minecraft:damage_taken":12101,"minecraft:damage_absorbed":370},"minecraft:killed":{"minecraft:cave_spider":6,"minecraft:skeleton":106,"minecraft:chicken":4,"alexsmobs:straddler":6,"alexsmobs:laviathan":1,"minecraft:magma_cube":31,"alexsmobs:seal":5,"minecraft:iron_golem":5,"minecraft:zombie":136,"mca:male_villager":2,"minecraft:cow":1,"mca:female_zombie_villager":1,"mca:male_zombie_villager":2,"alexsmobs:catfish":1,"mca:female_villager":1,"minecraft:enderman":7,"minecraft:witch":1,"minecraft:zombified_piglin":8,"mythicmounts:nightmare":2,"minecraft:spider":42,"minecraft:silverfish":12,"minecraft:piglin_brute":2,"minecraft:piglin":10,"minecraft:pig":6,"alexsmobs:stradpole":1,"minecraft:creeper":29,"alexsmobs:crimson_mosquito":1,"minecraft:sheep":3,"minecraft:trader_llama":1,"alexsmobs:terrapin":1,"minecraft:stray":19,"minecraft:ghast":4,"minecraft:blaze":13,"alexsmobs:dropbear":1,"alexsmobs:tasmanian_devil":3,"alexsmobs:bison":4,"minecraft:drowned":2,"mythicmounts:netherbat":1,"alexsmobs:crow":1,"minecraft:wither_skeleton":20},"minecraft:killed_by":{"mca:male_villager":1,"minecraft:skeleton":1},"minecraft:used":{"minecraft:chest":7,"minecraft:rotten_flesh":17,"minecraft:soul_sand":14,"minecraft:grass_block":1,"minecraft:quartz_block":10,"minecraft:stone_brick_stairs":11,"minecraft:bow":51,"minecraft:furnace":10,"minecraft:potato":32,"croptopia:garlic_seed":2,"minecraft:cactus":1,"minecraft:blackstone":24,"minecraft:wooden_pickaxe":1,"minecraft:black_glazed_terracotta":8,"minecraft:composter":2,"minecraft:golden_apple":13,"elevatorid:elevator_white":3,"minecraft:sand":5,"immersive_armors:divine_boots":1,"tombstone:dust_of_vanishing":10,"minecraft:crying_obsidian":9,"minecraft:lectern":4,"minecraft:soul_lantern":3,"minecraft:diamond_sword":38,"minecraft:coal_block":30,"immersive_armors:divine_leggings":3,"minecraft:smithing_table":1,"minecraft:enchanting_table":1,"minecraft:armor_stand":2,"croptopia:ham_sandwich":1,"minecraft:netherrack":17,"minecraft:torch":117,"minecraft:anvil":3,"croptopia:strawberry_seed":6,"minecraft:oak_fence_gate":3,"croptopia:oat_seed":1,"tombstone:ankh_of_pray":41,"minecraft:chipped_anvil":3,"minecraft:iron_axe":24,"croptopia:cheese_pizza":1,"minecraft:barrel":5,"minecraft:diamond_chestplate":3,"minecraft:basalt":202,"minecraft:beef":4,"tombstone:gift":11,"minecraft:wheat_seeds":61,"minecraft:water_bucket":5,"immersive_armors:steampunk_boots":1,"immersive_armors:robe_chestplate":1,"minecraft:cracked_stone_bricks":4,"minecraft:polished_blackstone_bricks":30,"minecraft:mossy_cobblestone":1,"croptopia:broccoli_seed":1,"minecraft:crafting_table":3,"minecraft:oak_slab":79,"minecraft:white_bed":2,"minecraft:oak_log":4,"minecraft:diamond_pickaxe":1069,"minecraft:diamond_shovel":990,"tombstone:tablet_of_assistance":8,"minecraft:oak_button":1,"minecraft:iron_pickaxe":945,"tombstone:magic_scroll":4,"minecraft:blue_carpet":16,"minecraft:cobblestone":278,"minecraft:potion":7,"minecraft:cooked_porkchop":2,"expandedstorage:iron_chest":3,"minecraft:dandelion":1,"expandedstorage:wood_to_gold_conversion_kit":1,"croptopia:onion_seed":2,"minecraft:shield":21,"minecraft:nether_wart":14,"minecraft:carrot":116,"minecraft:obsidian":12,"tombstone:decorative_grave_simple":4,"minecraft:lantern":6,"minecraft:iron_helmet":2,"croptopia:pepper_seed":4,"minecraft:stone_bricks":203,"minecraft:item_frame":2,"minecraft:magma_block":1,"minecraft:brown_carpet":4,"minecraft:hay_block":15,"minecraft:scaffolding":2,"minecraft:skeleton_skull":1,"minecraft:diamond_boots":5,"croptopia:lettuce_seed":2,"minecraft:oak_planks":23,"minecraft:ender_pearl":7,"minecraft:chainmail_helmet":1,"minecraft:stone_brick_wall":39,"croptopia:greenonion_seed":5,"minecraft:bread":42,"minecraft:string":1,"croptopia:hops_seed":2,"croptopia:coffee_seed":3,"minecraft:andesite":3,"minecraft:bone_meal":176,"minecraft:cobweb":37,"minecraft:experience_bottle":1,"minecraft:oak_fence":72,"minecraft:flint_and_steel":25,"weaponmaster:workstation":5,"minecraft:oak_door":1,"croptopia:saguaro_seed":4,"minecraft:dirt":569,"minecraft:white_carpet":10,"expandedstorage:gold_chest":12,"minecraft:granite":5,"expandedstorage:obsidian_chest":3,"minecraft:iron_hoe":234,"minecraft:bookshelf":13,"minecraft:oak_stairs":1,"minecraft:iron_boots":2,"minecraft:golden_carrot":72,"waystones:warp_plate":1,"minecraft:cooked_beef":28,"croptopia:eggplant_seed":3,"minecraft:cooked_mutton":3,"minecraft:glass_bottle":1,"minecraft:baked_potato":2,"croptopia:grilled_cheese":1,"croptopia:cheeseburger":1,"mythicmounts:griffon_spawn_egg":2,"tombstone:bag_of_seeds":12,"minecraft:flower_pot":1,"minecraft:cracked_polished_blackstone_bricks":1,"minecraft:stone_axe":132,"weaponmaster:wm_rapier":149,"minecraft:bucket":7,"minecraft:yellow_bed":3,"minecraft:splash_potion":2}},"DataVersion":3465}