{"stats":{"minecraft:mined":{"minecraft:blue_carpet":3,"croptopia:pepper_crop":1,"minecraft:white_bed":1,"croptopia:grape_crop":1,"cfm:oak_desk_cabinet":2,"minecraft:red_nether_bricks":1,"minecraft:carved_pumpkin":2,"minecraft:granite":43,"expandedstorage:gold_chest":5,"minecraft:yellow_carpet":2,"minecraft:oak_pressure_plate":1,"minecraft:coal_block":8,"minecraft:oak_wall_sign":2,"minecraft:nether_wart":6,"minecraft:spawner":70,"minecraft:tall_seagrass":1,"minecraft:magma_block":2,"minecraft:mossy_cobblestone_stairs":3,"elevatorid:elevator_light_blue":2,"minecraft:fire":1,"minecraft:barrel":6,"minecraft:pumpkin":3,"minecraft:fletching_table":2,"minecraft:deepslate_lapis_ore":6,"minecraft:nether_brick_stairs":7,"minecraft:enchanting_table":1,"minecraft:oak_stairs":3,"weaponmaster:workstation":2,"minecraft:amethyst_cluster":1,"minecraft:torch":30,"croptopia:broccoli_crop":1,"minecraft:sugar_cane":29,"mca:cross_headstone":3,"minecraft:skeleton_skull":1,"minecraft:wheat":13,"minecraft:stone_brick_stairs":8,"minecraft:grass":75,"minecraft:deepslate":119,"croptopia:cabbage_crop":1,"minecraft:deepslate_tiles":1,"croptopia:orange_crop":11,"minecraft:mossy_cobblestone":18,"minecraft:nether_bricks":9,"minecraft:allium":1,"minecraft:redstone_wire":14,"croptopia:coffee_crop":1,"more_slabs_stairs_and_walls:dirt_slab":3,"croptopia:corn_crop":12,"minecraft:andesite":2,"minecraft:mossy_stone_brick_stairs":9,"minecraft:vine":21,"cfm:white_sofa":7,"minecraft:redstone_block":3,"minecraft:soul_sand":9,"minecraft:brown_carpet":4,"more_slabs_stairs_and_walls:oak_leaves_stairs":7,"croptopia:lettuce_crop":3,"minecraft:stone_brick_slab":7,"minecraft:dandelion":4,"croptopia:sweetpotato_crop":1,"minecraft:smooth_sandstone":1,"minecraft:cornflower":2,"minecraft:warped_roots":1,"minecraft:tall_grass":11,"minecraft:copper_ore":1,"minecraft:diorite":2,"minecraft:warped_wart_block":6,"minecraft:white_carpet":1,"minecraft:sunflower":3,"cfm:trampoline":9,"minecraft:gravel":11,"minecraft:cobweb":5,"minecraft:oak_button":2,"minecraft:stone_bricks":35,"minecraft:chipped_anvil":1,"croptopia:bellpepper_crop":1,"minecraft:stone_pressure_plate":4,"minecraft:farmland":2,"minecraft:cobblestone_stairs":2,"minecraft:brewing_stand":1,"minecraft:spruce_trapdoor":3,"minecraft:budding_amethyst":1,"minecraft:grass_block":6,"minecraft:frosted_ice":2,"minecraft:red_nether_brick_stairs":1,"minecraft:anvil":1,"minecraft:iron_bars":84,"minecraft:purple_carpet":1,"minecraft:potted_cornflower":1,"minecraft:deepslate_redstone_ore":2,"minecraft:quartz_block":71,"minecraft:poppy":4,"cfm:oak_desk":2,"minecraft:cobblestone":19,"minecraft:potted_acacia_sapling":1,"minecraft:grindstone":1,"minecraft:oak_planks":5,"minecraft:iron_door":2,"minecraft:wall_torch":60,"minecraft:seagrass":3,"minecraft:nether_wart_block":2,"minecraft:birch_log":16,"croptopia:chile_pepper_crop":1,"minecraft:oak_log":512,"croptopia:salt_ore":117,"minecraft:sand":15,"minecraft:dirt":58,"structure_gel:dynamic_spawner":4,"minecraft:raw_copper_block":1,"minecraft:netherrack":12,"minecraft:oak_leaves":167,"minecraft:tuff":14,"more_slabs_stairs_and_walls:oak_wood_slab":3,"minecraft:deepslate_diamond_ore":3,"minecraft:oak_door":2,"croptopia:kale_crop":1,"minecraft:stone_button":1,"minecraft:hay_block":93,"croptopia:barley_crop":1,"minecraft:black_glazed_terracotta":10,"croptopia:soybean_crop":1,"minecraft:peony":2,"minecraft:gold_block":9,"minecraft:bell":1,"minecraft:bookshelf":45,"minecraft:lantern":7,"minecraft:stripped_oak_log":1,"minecraft:stone":485,"waystones:warp_plate":2,"minecraft:scaffolding":4,"minecraft:basalt":1,"minecraft:oak_fence":11,"minecraft:crafting_table":7,"minecraft:oak_wood":4,"minecraft:rose_bush":2,"minecraft:lime_carpet":3,"minecraft:lectern":29,"more_slabs_stairs_and_walls:oak_leaves_slab":23,"minecraft:cactus":1,"cfm:oak_chair":1,"minecraft:yellow_bed":5,"croptopia:tomato_crop":1,"minecraft:potted_azure_bluet":2,"minecraft:cracked_stone_bricks":32,"minecraft:mossy_stone_bricks":8},"minecraft:custom":{"minecraft:interact_with_crafting_table":61,"minecraft:open_barrel":273,"minecraft:bell_ring":11,"minecraft:eat_cake_slice":6,"minecraft:leave_game":17,"minecraft:time_since_death":1168250,"minecraft:play_time":1223151,"minecraft:deaths":1,"minecraft:jump":17229,"minecraft:enchant_item":2,"minecraft:interact_with_furnace":8,"minecraft:traded_with_villager":118,"minecraft:sleep_in_bed":26,"minecraft:waystone_activated":7,"minecraft:damage_dealt":1139,"tombstone:use_disenchantment":1,"tombstone:undead_killed":610,"minecraft:interact_with_smoker":1,"minecraft:inspect_dispenser":8,"minecraft:horse_one_cm":2650267,"minecraft:interact_with_smithing_table":1,"minecraft:interact_with_anvil":23,"expandedstorage:open_gold_chest":356,"minecraft:damage_dealt_absorbed":639,"minecraft:sneak_time":23749,"minecraft:total_world_time":1223151,"tombstone:raider_killed":15,"tombstone:pray_on_grave":1,"minecraft:time_since_rest":1113,"minecraft:swim_one_cm":178985,"minecraft:fly_one_cm":5251674,"minecraft:open_chest":965,"minecraft:fish_caught":2,"minecraft:fall_one_cm":201991,"minecraft:animals_bred":3,"expandedstorage:open_iron_chest":6,"minecraft:damage_resisted":33,"minecraft:sprint_one_cm":4333149,"minecraft:drop":530,"minecraft:talked_to_villager":1,"minecraft:interact_with_brewingstand":13,"minecraft:walk_on_water_one_cm":91331,"minecraft:crouch_one_cm":95931,"tombstone:villager_killed":5,"minecraft:mob_kills":884,"tombstone:use_vanishing":1,"minecraft:interact_with_campfire":3,"minecraft:climb_one_cm":21283,"minecraft:walk_one_cm":2622864,"tombstone:consume_soul":1,"minecraft:walk_under_water_one_cm":42717,"minecraft:interact_with_grindstone":6,"minecraft:damage_taken":10044,"minecraft:damage_absorbed":1651},"minecraft:used":{"minecraft:poppy":1,"minecraft:chest":16,"more_slabs_stairs_and_walls:oak_leaves_stairs":7,"minecraft:soul_sand":4,"cfm:oak_desk":4,"minecraft:grass_block":1,"minecraft:quartz_block":1,"minecraft:stone_brick_stairs":7,"minecraft:bow":3,"minecraft:oak_sapling":1,"minecraft:egg":6,"minecraft:mossy_stone_bricks":5,"minecraft:diorite":3,"minecraft:leather_leggings":2,"minecraft:wooden_pickaxe":3,"minecraft:mossy_stone_brick_stairs":2,"minecraft:black_glazed_terracotta":2,"minecraft:oak_leaves":4,"minecraft:golden_apple":24,"minecraft:sand":13,"tombstone:dust_of_vanishing":1,"croptopia:hamburger":1,"minecraft:stone_button":1,"minecraft:lectern":28,"minecraft:nether_wart_block":2,"minecraft:coal_block":1,"minecraft:birch_log":5,"minecraft:iron_bars":53,"minecraft:carved_pumpkin":2,"croptopia:ham_sandwich":8,"minecraft:netherrack":10,"minecraft:torch":389,"minecraft:brewing_stand":1,"minecraft:warped_wart_block":3,"minecraft:anvil":1,"cfm:trampoline":9,"minecraft:yellow_carpet":5,"minecraft:nether_brick_stairs":1,"tombstone:ankh_of_pray":7,"minecraft:chipped_anvil":1,"minecraft:iron_axe":707,"croptopia:cheese_pizza":2,"minecraft:barrel":6,"minecraft:diamond_chestplate":2,"minecraft:basalt":11,"tombstone:gift":9,"minecraft:cobbled_deepslate":7,"minecraft:wheat_seeds":31,"minecraft:water_bucket":3,"immersive_armors:steampunk_boots":6,"minecraft:fletching_table":3,"minecraft:cracked_stone_bricks":80,"minecraft:orange_carpet":3,"minecraft:mossy_cobblestone":6,"minecraft:crafting_table":6,"cfm:oak_hedge":11,"minecraft:white_bed":5,"minecraft:oak_log":42,"minecraft:diamond_pickaxe":928,"minecraft:diamond_shovel":149,"cfm:white_sofa":9,"minecraft:iron_pickaxe":270,"minecraft:oak_button":1,"tombstone:magic_scroll":3,"minecraft:spruce_trapdoor":1,"minecraft:blue_carpet":6,"minecraft:cobblestone":239,"minecraft:potion":23,"minecraft:porkchop":1,"minecraft:diamond_leggings":2,"minecraft:iron_sword":5,"minecraft:nether_wart":3,"minecraft:nether_bricks":1,"minecraft:carrot":2,"minecraft:obsidian":6,"cfm:door_mat":2,"minecraft:lantern":10,"minecraft:stone_bricks":48,"minecraft:birch_button":1,"minecraft:red_carpet":3,"minecraft:magma_block":2,"minecraft:hay_block":22,"minecraft:golden_boots":5,"minecraft:stone_pickaxe":8,"minecraft:oak_planks":21,"minecraft:ender_pearl":5,"minecraft:redstone_block":2,"minecraft:sugar_cane":5,"weaponmaster:wm_broadswordlarge":53,"minecraft:shears":125,"cfm:oak_chair":5,"minecraft:redstone_torch":4,"minecraft:firework_rocket":64,"minecraft:lime_carpet":6,"minecraft:bread":98,"minecraft:iron_door":2,"minecraft:gravel":8,"cfm:oak_desk_cabinet":4,"minecraft:grindstone":2,"minecraft:cooked_rabbit":2,"minecraft:andesite":1,"minecraft:bone_meal":58,"minecraft:golden_pickaxe":3,"minecraft:experience_bottle":16,"minecraft:oak_fence":2,"minecraft:rose_bush":1,"minecraft:flint_and_steel":6,"minecraft:redstone":1,"weaponmaster:workstation":1,"minecraft:cooked_chicken":3,"minecraft:oak_door":1,"minecraft:spyglass":4,"minecraft:dirt":153,"minecraft:white_carpet":1,"expandedstorage:gold_chest":5,"minecraft:oak_wood":64,"minecraft:granite":8,"minecraft:stone_brick_slab":10,"minecraft:bookshelf":24,"minecraft:oak_stairs":2,"minecraft:smooth_sandstone":1,"more_slabs_stairs_and_walls:oak_leaves_slab":115,"minecraft:iron_boots":1,"minecraft:emerald_block":1,"waystones:warp_plate":4,"minecraft:cooked_beef":5,"minecraft:iron_leggings":2,"more_slabs_stairs_and_walls:dirt_slab":6,"minecraft:cobblestone_stairs":1,"minecraft:glass_bottle":20,"minecraft:red_nether_bricks":1,"minecraft:baked_potato":12,"croptopia:grilled_cheese":85,"croptopia:corn_seed":16,"minecraft:warped_roots":1,"tombstone:bag_of_seeds":6,"mca:scythe":11,"more_slabs_stairs_and_walls:oak_wood_slab":15,"croptopia:tomato_seed":14,"elevatorid:elevator_light_blue":4,"minecraft:bucket":7,"minecraft:yellow_bed":4,"alexsmobs:animal_dictionary":2,"minecraft:purple_carpet":4,"minecraft:splash_potion":4},"minecraft:dropped":{"minecraft:cooked_beef":3,"minecraft:glow_ink_sac":3,"minecraft:glass_bottle":19,"minecraft:diamond":12,"croptopia:hops_seed":2,"minecraft:crossbow":1,"minecraft:warped_roots":2,"minecraft:mossy_stone_brick_stairs":2,"croptopia:grilled_cheese":2,"minecraft:saddle":1,"minecraft:leather_helmet":2,"minecraft:item_frame":2,"minecraft:emerald":30,"minecraft:gold_block":9,"minecraft:dirt":4,"tombstone:bone_needle":1,"minecraft:gold_nugget":10,"croptopia:barley_seed":1,"minecraft:phantom_membrane":4,"minecraft:white_wool":8,"croptopia:soybean":1,"minecraft:bone":60,"minecraft:stone_axe":1,"minecraft:sugar_cane":2,"minecraft:iron_nugget":13,"immersive_armors:divine_leggings":1,"immersive_armors:slime_helmet":2,"croptopia:doughnut":2,"minecraft:wheat":26,"croptopia:oat_seed":2,"minecraft:rotten_flesh":123,"croptopia:chile_pepper":1,"minecraft:oak_planks":89,"weaponmaster:taglockkit":2,"minecraft:black_glazed_terracotta":8,"croptopia:broccoli":1,"minecraft:tipped_arrow":9,"croptopia:broccoli_seed":1,"minecraft:quartz_block":19,"minecraft:leather_boots":2,"minecraft:leather_leggings":5,"minecraft:beef":11,"immersive_armors:slime_leggings":1,"minecraft:warped_wart_block":2,"minecraft:stone_brick_stairs":5,"croptopia:barley":1,"minecraft:egg":1,"minecraft:enchanted_book":6,"minecraft:golden_boots":1,"minecraft:iron_ingot":31,"minecraft:wheat_seeds":88,"minecraft:clock":1,"minecraft:oak_fence":3,"minecraft:cobblestone":58,"minecraft:iron_helmet":7,"croptopia:orange":3,"minecraft:apple":1,"croptopia:cabbage":1,"minecraft:chainmail_helmet":4,"minecraft:coal":3,"minecraft:golden_apple":2,"croptopia:cheeseburger":2,"croptopia:grape_seed":2,"minecraft:potion":5,"minecraft:red_dye":1,"minecraft:mossy_cobblestone_stairs":1,"minecraft:chainmail_leggings":2,"minecraft:string":38,"croptopia:coffee_seed":2,"minecraft:blue_carpet":1,"tombstone:decorative_grave_simple":3,"waystones:attuned_shard":5,"minecraft:stone_sword":3,"minecraft:bowl":1,"croptopia:cabbage_seed":1,"minecraft:stone_shovel":1,"minecraft:iron_boots":5,"croptopia:corn_seed":1,"minecraft:shears":1,"minecraft:pumpkin_seeds":24,"minecraft:potato":2,"minecraft:hay_block":2,"minecraft:allium":1,"minecraft:peony":2,"minecraft:bundle":2,"minecraft:diamond_pickaxe":3,"minecraft:yellow_bed":1,"minecraft:spider_eye":13,"minecraft:stone_pressure_plate":2,"minecraft:stone_bricks":155,"minecraft:bamboo":2,"minecraft:bow":10,"minecraft:magma_block":1,"minecraft:nether_brick_stairs":2,"alexsmobs:straddlite":2,"minecraft:soul_sand":1,"croptopia:chile_pepper_seed":2,"croptopia:salt":114,"alexsmobs:bison_fur":1,"minecraft:flint":1,"tombstone:bag_of_seeds":3,"minecraft:mutton":7,"croptopia:sweetpotato_seed":1,"croptopia:pepper":1,"minecraft:axolotl_bucket":3,"minecraft:gold_ingot":15,"croptopia:corn":1,"croptopia:bellpepper":1,"minecraft:diamond_shovel":2,"croptopia:hamburger":1,"minecraft:carrot":1,"minecraft:chainmail_chestplate":2,"waystones:warp_stone":1,"minecraft:poppy":1,"minecraft:leather_chestplate":2,"mca:villager_editor":3,"minecraft:gunpowder":16,"immersive_armors:slime_chestplate":1,"minecraft:chainmail_boots":2,"croptopia:ham_sandwich":4,"minecraft:iron_bars":7,"minecraft:arrow":65,"minecraft:scaffolding":4,"minecraft:enchanting_table":1,"minecraft:firework_rocket":1792,"minecraft:bread":36,"minecraft:oak_slab":1,"croptopia:lettuce_seed":5,"minecraft:golden_helmet":2,"minecraft:mossy_cobblestone":5,"croptopia:kale":1,"croptopia:sweetpotato":1,"immersive_armors:steampunk_boots":1,"croptopia:grape":1,"croptopia:soybean_seed":4,"minecraft:spruce_stairs":1,"minecraft:grass_block":1,"tombstone:ankh_of_pray":1,"minecraft:stick":14,"croptopia:kale_seed":2,"tombstone:magic_scroll":2,"minecraft:torch":129,"croptopia:lemon":1,"croptopia:lettuce":3,"tombstone:grave_dust":16,"minecraft:iron_leggings":2,"minecraft:iron_axe":2,"croptopia:coffee_beans":1,"minecraft:dandelion":1,"minecraft:redstone":9,"minecraft:nether_wart":2,"immersive_armors:slime_boots":2,"weaponmaster:wm_broadswordlarge":8,"croptopia:bellpepper_seed":2,"minecraft:shield":1,"alexsmobs:lobster_tail":2,"minecraft:iron_chestplate":5,"minecraft:andesite":1,"minecraft:golden_leggings":1,"croptopia:cheese_pizza":1,"minecraft:golden_sword":1,"croptopia:roe":6,"minecraft:diamond_boots":1,"minecraft:slime_ball":11,"croptopia:peach":4,"croptopia:pepper_seed":2,"minecraft:magma_cream":1,"minecraft:brick":28},"minecraft:broken":{"minecraft:iron_axe":1,"minecraft:iron_helmet":1,"immersive_armors:steampunk_boots":1,"minecraft:golden_pickaxe":1},"minecraft:picked_up":{"minecraft:iron_chestplate":7,"minecraft:chainmail_boots":8,"minecraft:flower_pot":2,"minecraft:anvil":1,"croptopia:grape_seed":2,"minecraft:lead":1,"minecraft:diamond_sword":1,"minecraft:oak_stairs":3,"minecraft:enchanted_book":14,"croptopia:cabbage_seed":1,"alexsmobs:bone_serpent_tooth":1,"minecraft:brewing_stand":1,"minecraft:golden_sword":2,"minecraft:string":57,"minecraft:red_nether_bricks":1,"waystones:warp_plate":2,"croptopia:hamburger":1,"minecraft:diamond_leggings":1,"minecraft:gold_nugget":29,"minecraft:cobbled_deepslate":7,"minecraft:black_glazed_terracotta":10,"minecraft:coal_block":1,"minecraft:golden_helmet":2,"croptopia:barley_seed":1,"tombstone:bone_needle":1,"croptopia:coffee_seed":4,"minecraft:golden_chestplate":3,"minecraft:brown_carpet":8,"minecraft:stone_sword":4,"minecraft:lime_carpet":3,"minecraft:tropical_fish":3,"minecraft:blue_dye":1,"minecraft:carved_pumpkin":2,"minecraft:blaze_rod":2,"minecraft:iron_bars":72,"alexsmobs:lobster_tail":2,"minecraft:birch_log":16,"croptopia:lettuce_seed":5,"minecraft:magma_block":3,"minecraft:feather":2,"minecraft:cooked_beef":6,"minecraft:iron_door":2,"minecraft:water_bucket":2,"alexsmobs:bison_fur":1,"minecraft:flint":3,"minecraft:map":1,"minecraft:lantern":12,"minecraft:purple_carpet":1,"minecraft:chipped_anvil":1,"mca:whistle":1,"croptopia:bellpepper":1,"croptopia:roe":6,"minecraft:warped_wart_block":5,"immersive_armors:steampunk_boots":1,"croptopia:coffee_beans":2,"minecraft:barrel":6,"alexsmobs:animal_dictionary":1,"croptopia:chile_pepper":1,"minecraft:bundle":8,"weaponmaster:workstation":3,"cfm:oak_desk_cabinet":2,"minecraft:granite":52,"cfm:oak_desk":2,"minecraft:chainmail_helmet":5,"minecraft:bread":1,"minecraft:diamond_pickaxe":2,"mca:scythe":1,"minecraft:crafting_table":7,"tombstone:dust_of_vanishing":1,"minecraft:nether_wart":7,"minecraft:clay_ball":1,"minecraft:golden_pickaxe":1,"minecraft:leather_leggings":12,"minecraft:cornflower":4,"minecraft:flint_and_steel":2,"minecraft:compass":1,"minecraft:white_carpet":2,"croptopia:soybean":1,"elevatorid:elevator_light_blue":2,"immersive_armors:slime_boots":1,"minecraft:cracked_stone_bricks":30,"minecraft:beef":18,"croptopia:pepper_seed":4,"minecraft:poppy":6,"minecraft:iron_nugget":27,"minecraft:chest":1,"minecraft:egg":3,"cfm:white_sofa":7,"minecraft:stone":22,"croptopia:corn_seed":22,"minecraft:oak_door":3,"alexsmobs:straddlite":2,"minecraft:carrot":23,"minecraft:redstone":12,"minecraft:blue_carpet":4,"minecraft:stone_shovel":2,"minecraft:diamond_chestplate":1,"minecraft:peony":2,"minecraft:shears":1,"croptopia:cheeseburger":1,"minecraft:diamond_boots":1,"minecraft:hay_block":97,"minecraft:sandstone_stairs":1,"tombstone:essence_of_undeath":4,"minecraft:gold_ingot":17,"croptopia:pepper":1,"minecraft:mutton":15,"minecraft:white_wool":58,"minecraft:stripped_oak_log":1,"minecraft:oak_log":526,"minecraft:golden_boots":4,"minecraft:apple":25,"croptopia:barley":1,"minecraft:stone_bricks":188,"weaponmaster:tutorialbook":1,"tombstone:bag_of_seeds":8,"croptopia:tomato":8,"minecraft:glass_bottle":18,"minecraft:gravel":9,"croptopia:rutabaga_seed":2,"more_slabs_stairs_and_walls:dirt_slab":1,"minecraft:leather_helmet":8,"minecraft:oak_wood":4,"minecraft:firework_rocket":1792,"minecraft:diamond_shovel":1,"minecraft:slime_ball":11,"minecraft:stone_axe":2,"croptopia:orange":17,"minecraft:gray_wool":1,"minecraft:warped_roots":3,"minecraft:oak_button":2,"cfm:trampoline":9,"minecraft:ender_pearl":17,"minecraft:wheat":208,"minecraft:redstone_block":3,"croptopia:kale":1,"croptopia:broccoli":1,"minecraft:potion":4,"minecraft:stone_brick_stairs":10,"more_slabs_stairs_and_walls:oak_leaves_stairs":7,"croptopia:lettuce":3,"minecraft:iron_leggings":4,"minecraft:zombie_head":1,"minecraft:experience_bottle":1,"minecraft:bucket":1,"minecraft:rose_bush":2,"minecraft:redstone_torch":4,"minecraft:iron_pickaxe":4,"minecraft:iron_boots":5,"minecraft:tipped_arrow":28,"minecraft:stick":18,"weaponmaster:weaponkit":1,"minecraft:oak_fence":16,"minecraft:torch":249,"minecraft:spruce_stairs":1,"minecraft:porkchop":11,"croptopia:olive_seed":1,"tombstone:grave_dust":81,"minecraft:diorite":3,"minecraft:quartz_block":35,"minecraft:cactus":1,"minecraft:rotten_flesh":240,"minecraft:obsidian":9,"minecraft:cod":1,"croptopia:cabbage":1,"minecraft:cobblestone":727,"minecraft:enchanting_table":1,"minecraft:leather_chestplate":6,"minecraft:lilac":1,"minecraft:magma_cream":1,"croptopia:broccoli_seed":1,"minecraft:andesite":2,"minecraft:golden_leggings":2,"minecraft:potato":27,"minecraft:lapis_lazuli":83,"minecraft:dirt":196,"minecraft:name_tag":6,"minecraft:leather_boots":6,"minecraft:bone":528,"croptopia:corn":13,"croptopia:sweetpotato":1,"minecraft:bow":25,"minecraft:wheat_seeds":562,"minecraft:raw_gold":1,"minecraft:bell":1,"minecraft:grindstone":2,"minecraft:mossy_stone_bricks":6,"minecraft:fletching_table":2,"croptopia:kale_seed":2,"minecraft:oak_planks":10,"minecraft:mossy_stone_brick_stairs":9,"croptopia:chile_pepper_seed":2,"minecraft:oak_pressure_plate":7,"minecraft:sand":13,"minecraft:nether_brick_stairs":3,"minecraft:grass_block":2,"minecraft:mossy_cobblestone":14,"weaponmaster:taglockkit":2,"minecraft:yellow_carpet":2,"minecraft:diamond":12,"minecraft:crossbow":1,"minecraft:golden_apple":6,"minecraft:emerald":72,"minecraft:oak_sapling":1,"minecraft:netherrack":10,"minecraft:oak_leaves":113,"minecraft:fishing_rod":2,"minecraft:allium":1,"minecraft:azure_bluet":1,"minecraft:chicken":1,"croptopia:peach":4,"croptopia:sweetpotato_seed":1,"minecraft:gold_block":18,"minecraft:brick":17,"minecraft:shield":4,"minecraft:iron_axe":2,"croptopia:grilled_cheese":1,"minecraft:item_frame":2,"croptopia:bellpepper_seed":2,"croptopia:tomato_seed":14,"minecraft:lectern":29,"tombstone:tablet_of_assistance":1,"minecraft:sugar_cane":55,"minecraft:spruce_trapdoor":7,"tombstone:ankh_of_pray":1,"croptopia:soybean_seed":4,"minecraft:bowl":1,"immersive_armors:divine_leggings":1,"expandedstorage:gold_chest":5,"minecraft:stone_button":1,"croptopia:strawberry":1,"minecraft:stone_pressure_plate":2,"croptopia:grape":1,"weaponmaster:wm_broadswordlarge":8,"minecraft:arrow":396,"minecraft:nether_bricks":1,"minecraft:saddle":2,"croptopia:salt":522,"minecraft:skeleton_skull":3,"more_slabs_stairs_and_walls:oak_leaves_slab":28,"minecraft:basalt":11,"minecraft:glow_ink_sac":3,"minecraft:salmon":1,"minecraft:leather":4,"cfm:oak_chair":1,"minecraft:chainmail_chestplate":7,"minecraft:yellow_bed":5,"minecraft:nether_wart_block":2,"minecraft:gunpowder":31,"minecraft:cobblestone_stairs":2,"mca:book_romance":1,"minecraft:cooked_mutton":2,"minecraft:smooth_sandstone":1,"minecraft:iron_ingot":47,"mca:villager_editor":5,"minecraft:acacia_sapling":1,"minecraft:soul_sand":5,"minecraft:book":130,"minecraft:oak_slab":1,"minecraft:scaffolding":8,"more_slabs_stairs_and_walls:oak_wood_slab":3,"minecraft:pumpkin":4,"minecraft:chiseled_stone_bricks":1,"minecraft:stone_brick_slab":8,"minecraft:dandelion":5,"minecraft:amethyst_shard":8,"waystones:attuned_shard":5,"minecraft:white_bed":2,"minecraft:spider_eye":24,"immersive_armors:slime_helmet":1,"minecraft:pumpkin_seeds":54,"croptopia:lemon":1,"minecraft:chainmail_leggings":6,"minecraft:iron_helmet":11,"croptopia:frying_pan":1,"minecraft:mossy_cobblestone_stairs":3,"tombstone:magic_scroll":16,"minecraft:coal":97},"minecraft:crafted":{"minecraft:yellow_wool":2,"minecraft:orange_carpet":3,"minecraft:blaze_powder":4,"waystones:warp_plate":2,"minecraft:bookshelf":25,"cfm:white_sofa":2,"more_slabs_stairs_and_walls:oak_leaves_stairs":8,"minecraft:iron_door":3,"immersive_armors:slime_leggings":1,"croptopia:doughnut":2,"minecraft:emerald":113,"minecraft:cooked_porkchop":11,"croptopia:corn_seed":1,"minecraft:fletching_table":1,"minecraft:oak_wood":72,"waystones:warp_stone":2,"minecraft:stone_brick_stairs":4,"minecraft:iron_block":3,"minecraft:gold_ingot":81,"immersive_armors:slime_helmet":1,"tombstone:book_of_disenchantment":1,"more_slabs_stairs_and_walls:oak_wood_slab":12,"croptopia:ham_sandwich":11,"croptopia:cooking_pot":1,"minecraft:bone_meal":231,"minecraft:orange_wool":2,"immersive_armors:slime_chestplate":1,"cfm:oak_desk_cabinet":2,"minecraft:purple_carpet":3,"minecraft:wheat":702,"mca:engagement_ring":1,"minecraft:light_blue_wool":19,"minecraft:red_carpet":3,"more_slabs_stairs_and_walls:oak_leaves_slab":156,"minecraft:enchanted_book":5,"minecraft:orange_dye":2,"minecraft:golden_apple":9,"minecraft:iron_leggings":1,"minecraft:white_bed":1,"minecraft:lime_wool":2,"minecraft:blue_carpet":3,"minecraft:oak_planks":1588,"mythicmounts:summoning_staff":1,"elevatorid:elevator_light_blue":2,"more_slabs_stairs_and_walls:dirt_slab":12,"minecraft:green_dye":1,"minecraft:stone_brick_slab":6,"croptopia:flour":7,"minecraft:chest":16,"minecraft:oak_button":1,"minecraft:birch_button":1,"croptopia:cheeseburger":1,"minecraft:crafting_table":4,"minecraft:wooden_pickaxe":1,"tombstone:decorative_grave_simple":3,"mca:book_infection":1,"minecraft:red_wool":2,"immersive_armors:steampunk_boots":1,"minecraft:birch_planks":128,"minecraft:pumpkin_seeds":16,"minecraft:paper":30,"minecraft:purple_dye":2,"minecraft:diamond_pickaxe":1,"minecraft:emerald_block":1,"minecraft:yellow_dye":4,"minecraft:stick":2864,"minecraft:light_blue_dye":34,"cfm:trampoline":4,"minecraft:lime_carpet":3,"minecraft:shears":1,"minecraft:purple_wool":2,"minecraft:redstone":9,"mca:book_death":1,"minecraft:piston":2,"minecraft:flint_and_steel":1,"minecraft:iron_axe":2,"minecraft:lime_dye":2,"croptopia:dough":3,"croptopia:cheese_pizza":3,"cfm:door_mat":2,"minecraft:sugar":21,"minecraft:red_dye":5,"croptopia:hamburger":1,"cfm:oak_hedge":36,"minecraft:yellow_carpet":3,"immersive_armors:slime_boots":1,"minecraft:bucket":1,"minecraft:air":0,"minecraft:bread":216,"minecraft:blue_dye":19,"cfm:oak_desk":2,"minecraft:white_dye":32,"croptopia:cheese":128,"croptopia:grilled_cheese":110,"tombstone:dark_marble":11,"minecraft:blue_wool":2,"minecraft:anvil":1,"waystones:warp_dust":8,"cfm:oak_chair":4,"minecraft:torch":64,"mca:wedding_ring":1},"minecraft:killed":{"minecraft:cave_spider":6,"alexsmobs:lobster":3,"minecraft:skeleton":303,"alexsmobs:straddler":7,"mca:grim_reaper":1,"minecraft:cat":2,"minecraft:magma_cube":21,"alexsmobs:seal":6,"minecraft:iron_golem":1,"minecraft:pillager":7,"minecraft:zombie":229,"mca:male_villager":1,"minecraft:cow":3,"minecraft:vindicator":6,"alexsmobs:seagull":2,"alexsmobs:rocky_roller":1,"mca:female_villager":4,"minecraft:enderman":15,"minecraft:spider":72,"minecraft:axolotl":1,"minecraft:silverfish":17,"minecraft:piglin":1,"mythicmounts:moth":1,"minecraft:pig":3,"alexsmobs:stradpole":2,"minecraft:creeper":53,"minecraft:sheep":8,"minecraft:stray":59,"minecraft:blaze":2,"alexsmobs:bone_serpent":1,"alexsmobs:bison":2,"minecraft:drowned":2,"alexsmobs:flying_fish":1,"minecraft:squid":1,"alexsmobs:cockroach":1,"mythicmounts:netherbat":4,"minecraft:wither_skeleton":15}},"DataVersion":3465}